{
  "experiment_name": "adaptive_fedprox_mnist_alpha0.5_clients10",
  "rounds": [
    0,
    1,
    2,
    3,
    4,
    5,
    6,
    7,
    8,
    9,
    10,
    11,
    12,
    13,
    14,
    15,
    16,
    17,
    18,
    19,
    20,
    21,
    22,
    23,
    24,
    25,
    26,
    27,
    28,
    29,
    30,
    31,
    32,
    33,
    34,
    35,
    36,
    37,
    38,
    39,
    40,
    41,
    42,
    43,
    44,
    45,
    46,
    47,
    48,
    49,
    50
  ],
  "global_accuracy": [
    0.07,
    0.7086,
    0.7935,
    0.8177,
    0.8406,
    0.9053,
    0.9321,
    0.9158,
    0.9132,
    0.947,
    0.961,
    0.9522,
    0.9604,
    0.9656,
    0.9674,
    0.9677,
    0.9587,
    0.9598,
    0.9741,
    0.9703,
    0.9665,
    0.9757,
    0.965,
    0.9764,
    0.9769,
    0.9729,
    0.9731,
    0.9759,
    0.9731,
    0.9728,
    0.9759,
    0.9807,
    0.9811,
    0.9828,
    0.9821,
    0.9805,
    0.9802,
    0.9834,
    0.9842,
    0.9854,
    0.9857,
    0.9823,
    0.986,
    0.9859,
    0.984,
    0.9843,
    0.9866,
    0.9853,
    0.986,
    0.9897,
    0.987
  ],
  "global_loss": [
    2.3035011459350585,
    1.1304875038146973,
    0.6728648348331452,
    0.5665397902965545,
    0.4762560104370117,
    0.29716295922398567,
    0.22817416548728942,
    0.2505758488893509,
    0.2619397547721863,
    0.17138979442119598,
    0.13547303087711335,
    0.1568342945486307,
    0.1260562370583415,
    0.11064984038099647,
    0.10446168252080679,
    0.10517836684584618,
    0.12922724178731443,
    0.11829994255937636,
    0.08106923363134265,
    0.09744907209165395,
    0.10679902246817946,
    0.07778110497938469,
    0.09915999383945018,
    0.07610167874190957,
    0.07410672471355646,
    0.07532888271152041,
    0.08270987772727385,
    0.07380918986648322,
    0.08037348436871544,
    0.08672945549339056,
    0.07618011569995434,
    0.05886283573715482,
    0.058067094742669724,
    0.05244924728985643,
    0.05802940168050118,
    0.060938550184573975,
    0.06033479287447408,
    0.05152388399674091,
    0.04703630178442691,
    0.044844520841585474,
    0.0441954772486235,
    0.051747771351155825,
    0.04436536211831262,
    0.04468621727233985,
    0.04500407439377159,
    0.04571119812094839,
    0.038150898266781585,
    0.04232093618675717,
    0.03839291861396778,
    0.03188654808109859,
    0.041111956986994845
  ],
  "comm_cost": [
    0,
    0,
    0,
    0,
    0,
    0,
    0,
    0,
    0,
    0,
    0,
    0,
    0,
    0,
    0,
    0,
    0,
    0,
    0,
    0,
    0,
    0,
    0,
    0,
    0,
    0,
    0,
    0,
    0,
    0,
    0,
    0,
    0,
    0,
    0,
    0,
    0,
    0,
    0,
    0,
    0,
    0,
    0,
    0,
    0,
    0,
    0,
    0,
    0,
    0,
    0
  ],
  "num_clients": [
    3,
    3,
    3,
    3,
    3,
    3,
    3,
    3,
    3,
    3,
    3,
    3,
    3,
    3,
    3,
    3,
    3,
    3,
    3,
    3,
    3,
    3,
    3,
    3,
    3,
    3,
    3,
    3,
    3,
    3,
    3,
    3,
    3,
    3,
    3,
    3,
    3,
    3,
    3,
    3,
    3,
    3,
    3,
    3,
    3,
    3,
    3,
    3,
    3,
    3,
    3
  ]
}