{
  "experiment_name": "fedavg_mnist_alpha0.5_clients10",
  "rounds": [
    0,
    1,
    2,
    3,
    4,
    5,
    6,
    7,
    8,
    9,
    10,
    11,
    12,
    13,
    14,
    15,
    16,
    17,
    18,
    19,
    20,
    21,
    22,
    23,
    24,
    25,
    26,
    27,
    28,
    29,
    30,
    31,
    32,
    33,
    34,
    35,
    36,
    37,
    38,
    39,
    40,
    41,
    42,
    43,
    44,
    45,
    46,
    47,
    48,
    49,
    50
  ],
  "global_accuracy": [
    0.1215,
    0.9153,
    0.9714,
    0.9433,
    0.9833,
    0.9808,
    0.9833,
    0.9875,
    0.9876,
    0.9869,
    0.9888,
    0.9901,
    0.99,
    0.9891,
    0.9882,
    0.9836,
    0.9914,
    0.9899,
    0.9901,
    0.9915,
    0.9921,
    0.9843,
    0.9893,
    0.9911,
    0.9917,
    0.9906,
    0.9916,
    0.9891,
    0.9918,
    0.9913,
    0.9923,
    0.992,
    0.9907,
    0.9896,
    0.9908,
    0.9898,
    0.9914,
    0.9878,
    0.9925,
    0.992,
    0.9927,
    0.9924,
    0.9912,
    0.9932,
    0.9904,
    0.9913,
    0.9908,
    0.9907,
    0.9911,
    0.9915,
    0.9922
  ],
  "global_loss": [
    2.302471170806885,
    0.3396909213542938,
    0.09042007328420877,
    0.16328398595526813,
    0.05010500578486826,
    0.056534411119366995,
    0.04911345262637187,
    0.038132379846737605,
    0.03695466981738573,
    0.04052028383956786,
    0.037554065989887024,
    0.03531382188360585,
    0.03369187810993353,
    0.03330888439894179,
    0.04134939435366323,
    0.05358730635388074,
    0.03023597869752739,
    0.03566572517135564,
    0.03350206694866846,
    0.029196870047280724,
    0.02437823197492835,
    0.049831267716032565,
    0.03684491584175812,
    0.030642588202697232,
    0.030723891284600516,
    0.033331191688403816,
    0.032373840570112465,
    0.03535307495179136,
    0.02912825448840593,
    0.029557503221879312,
    0.027626364597750745,
    0.03130033428986448,
    0.032278935589956384,
    0.03614042943078852,
    0.03391011159791274,
    0.035573979089633466,
    0.02978329024262798,
    0.042271412585423274,
    0.028590495944552582,
    0.03314528615342939,
    0.030853367434815412,
    0.03213420421063644,
    0.032904900256907454,
    0.03017778906094161,
    0.03959918800422331,
    0.032450700887865266,
    0.033662634386488664,
    0.038201136217152924,
    0.03650271861161489,
    0.034155624458369574,
    0.02714552331815035
  ],
  "comm_cost": [
    0,
    0,
    0,
    0,
    0,
    0,
    0,
    0,
    0,
    0,
    0,
    0,
    0,
    0,
    0,
    0,
    0,
    0,
    0,
    0,
    0,
    0,
    0,
    0,
    0,
    0,
    0,
    0,
    0,
    0,
    0,
    0,
    0,
    0,
    0,
    0,
    0,
    0,
    0,
    0,
    0,
    0,
    0,
    0,
    0,
    0,
    0,
    0,
    0,
    0,
    0
  ],
  "num_clients": [
    3,
    3,
    3,
    3,
    3,
    3,
    3,
    3,
    3,
    3,
    3,
    3,
    3,
    3,
    3,
    3,
    3,
    3,
    3,
    3,
    3,
    3,
    3,
    3,
    3,
    3,
    3,
    3,
    3,
    3,
    3,
    3,
    3,
    3,
    3,
    3,
    3,
    3,
    3,
    3,
    3,
    3,
    3,
    3,
    3,
    3,
    3,
    3,
    3,
    3,
    3
  ]
}