{
  "experiment_name": "fedprox_mnist_alpha0.5_clients10",
  "rounds": [
    0,
    1,
    2,
    3,
    4,
    5,
    6,
    7,
    8,
    9,
    10,
    11,
    12,
    13,
    14,
    15,
    16,
    17,
    18,
    19,
    20,
    21,
    22,
    23,
    24,
    25,
    26,
    27,
    28,
    29,
    30,
    31,
    32,
    33,
    34,
    35,
    36,
    37,
    38,
    39,
    40,
    41,
    42,
    43,
    44,
    45,
    46,
    47,
    48,
    49,
    50
  ],
  "global_accuracy": [
    0.1505,
    0.894,
    0.9546,
    0.9606,
    0.9649,
    0.9652,
    0.9736,
    0.9761,
    0.9618,
    0.9756,
    0.9803,
    0.9767,
    0.9805,
    0.9839,
    0.9799,
    0.9846,
    0.9831,
    0.9809,
    0.9866,
    0.9848,
    0.9855,
    0.983,
    0.9858,
    0.9845,
    0.9808,
    0.9869,
    0.9865,
    0.9891,
    0.9903,
    0.9858,
    0.9866,
    0.9889,
    0.9889,
    0.9892,
    0.9904,
    0.9896,
    0.9878,
    0.9899,
    0.9905,
    0.9905,
    0.9896,
    0.9881,
    0.9907,
    0.9874,
    0.9888,
    0.9915,
    0.9887,
    0.9902,
    0.9903,
    0.9885,
    0.9912
  ],
  "global_loss": [
    2.3059551280975343,
    0.531819784784317,
    0.173133653190732,
    0.13117407145500182,
    0.11453719327785075,
    0.10907762283533812,
    0.08585722300037742,
    0.0725545013550669,
    0.10845741923600435,
    0.07542552233636379,
    0.06153019355805591,
    0.07264602646487765,
    0.05894753028634004,
    0.05196977617631201,
    0.059538092395546846,
    0.05005505025954917,
    0.05150394569679629,
    0.05636469585781451,
    0.03995059577680658,
    0.04465449334293371,
    0.04239402679495397,
    0.04940683576464653,
    0.04291316445381381,
    0.045646364795602856,
    0.055727460260968656,
    0.03832704838069039,
    0.04117330742250196,
    0.03417554601381999,
    0.03193093681540049,
    0.04136293681429233,
    0.04163942186153727,
    0.035686669665557565,
    0.03532067111954093,
    0.033765059140091765,
    0.030691828322323273,
    0.03034713479648926,
    0.03712376731081167,
    0.031520142671453505,
    0.029091856769216246,
    0.028704557389811088,
    0.03194734559277713,
    0.0367700343821285,
    0.029213047038142394,
    0.0373867520920423,
    0.03154785014154622,
    0.025432837856980042,
    0.03475222624638554,
    0.03023608630360686,
    0.03001566607113491,
    0.03328845624390379,
    0.027607054791050904
  ],
  "comm_cost": [
    0,
    0,
    0,
    0,
    0,
    0,
    0,
    0,
    0,
    0,
    0,
    0,
    0,
    0,
    0,
    0,
    0,
    0,
    0,
    0,
    0,
    0,
    0,
    0,
    0,
    0,
    0,
    0,
    0,
    0,
    0,
    0,
    0,
    0,
    0,
    0,
    0,
    0,
    0,
    0,
    0,
    0,
    0,
    0,
    0,
    0,
    0,
    0,
    0,
    0,
    0
  ],
  "num_clients": [
    3,
    3,
    3,
    3,
    3,
    3,
    3,
    3,
    3,
    3,
    3,
    3,
    3,
    3,
    3,
    3,
    3,
    3,
    3,
    3,
    3,
    3,
    3,
    3,
    3,
    3,
    3,
    3,
    3,
    3,
    3,
    3,
    3,
    3,
    3,
    3,
    3,
    3,
    3,
    3,
    3,
    3,
    3,
    3,
    3,
    3,
    3,
    3,
    3,
    3,
    3
  ]
}