{
  "experiment_name": "adaptive_fedprox_mnist_alpha1.0_clients10",
  "rounds": [
    0,
    1,
    2,
    3,
    4,
    5,
    6,
    7,
    8,
    9,
    10,
    11,
    12,
    13,
    14,
    15,
    16,
    17,
    18,
    19,
    20
  ],
  "global_accuracy": [
    0.0383,
    0.9359,
    0.9559,
    0.9647,
    0.9719,
    0.976,
    0.9755,
    0.9765,
    0.9846,
    0.9851,
    0.9833,
    0.9823,
    0.9877,
    0.9835,
    0.9866,
    0.9877,
    0.989,
    0.9883,
    0.987,
    0.9893,
    0.9892
  ],
  "global_loss": [
    2.3018353099823,
    0.3809131551742554,
    0.15661842731535436,
    0.11064916931316257,
    0.08969080050457269,
    0.07571621198654174,
    0.07086817430462689,
    0.06949590638140217,
    0.04777568657975644,
    0.04782245440455154,
    0.04997085183477029,
    0.04917193964270409,
    0.03956174177050125,
    0.04624924331280636,
    0.03827103104723501,
    0.03732064036781667,
    0.03390829245604982,
    0.036663981160013646,
    0.03750189214415732,
    0.03270246671412242,
    0.03046647264872663
  ],
  "comm_cost": [
    0,
    0,
    0,
    0,
    0,
    0,
    0,
    0,
    0,
    0,
    0,
    0,
    0,
    0,
    0,
    0,
    0,
    0,
    0,
    0,
    0
  ],
  "num_clients": [
    3,
    3,
    3,
    3,
    3,
    3,
    3,
    3,
    3,
    3,
    3,
    3,
    3,
    3,
    3,
    3,
    3,
    3,
    3,
    3,
    3
  ]
}