{
  "experiment_name": "adaptive_fedprox_mnist_alpha10.0_clients10",
  "rounds": [
    0,
    1,
    2,
    3,
    4,
    5,
    6,
    7,
    8,
    9,
    10,
    11,
    12,
    13,
    14,
    15,
    16,
    17,
    18,
    19,
    20
  ],
  "global_accuracy": [
    0.1039,
    0.9514,
    0.9646,
    0.9741,
    0.9756,
    0.9782,
    0.9821,
    0.9828,
    0.9834,
    0.9864,
    0.9846,
    0.9871,
    0.9871,
    0.9879,
    0.988,
    0.9897,
    0.9901,
    0.9911,
    0.991,
    0.9898,
    0.9914
  ],
  "global_loss": [
    2.3091594009399414,
    0.2480633469581604,
    0.12276628321334719,
    0.08446557412669063,
    0.07499023468950763,
    0.06256832366744057,
    0.05458963563642465,
    0.048708903233055025,
    0.049171825841930694,
    0.04284380887247971,
    0.04543493037055014,
    0.038562457445246404,
    0.037057715599852964,
    0.0360010674248042,
    0.03526435809294635,
    0.03168625794198015,
    0.02918616106312256,
    0.02874190136852412,
    0.027333942049971666,
    0.029511528412076587,
    0.02640345173256428
  ],
  "comm_cost": [
    0,
    0,
    0,
    0,
    0,
    0,
    0,
    0,
    0,
    0,
    0,
    0,
    0,
    0,
    0,
    0,
    0,
    0,
    0,
    0,
    0
  ],
  "num_clients": [
    3,
    3,
    3,
    3,
    3,
    3,
    3,
    3,
    3,
    3,
    3,
    3,
    3,
    3,
    3,
    3,
    3,
    3,
    3,
    3,
    3
  ]
}