{
  "experiment_name": "adaptive_fedprox_mnist_alpha0.1_clients10",
  "rounds": [
    0,
    1,
    2,
    3,
    4,
    5,
    6,
    7,
    8,
    9,
    10,
    11,
    12,
    13,
    14,
    15,
    16,
    17,
    18,
    19,
    20
  ],
  "global_accuracy": [
    0.1039,
    0.4991,
    0.7065,
    0.6953,
    0.735,
    0.7807,
    0.7328,
    0.8318,
    0.941,
    0.9182,
    0.915,
    0.9044,
    0.8544,
    0.961,
    0.8793,
    0.9209,
    0.9365,
    0.9515,
    0.9393,
    0.8247,
    0.9113
  ],
  "global_loss": [
    2.3091594009399414,
    1.4957328805923462,
    0.8110162081718445,
    0.7895795343399048,
    0.9250419513702393,
    0.8054900241374969,
    0.8211093613624573,
    0.44218992347717284,
    0.18304319639503955,
    0.25346061159968375,
    0.22429432552158832,
    0.2490011717915535,
    0.3889673179090023,
    0.12480975715816021,
    0.3316247884720564,
    0.21039691239893438,
    0.17543945142552256,
    0.14864725889861582,
    0.1751456009760499,
    0.9209492593288422,
    0.23990735884308814
  ],
  "comm_cost": [
    0,
    0,
    0,
    0,
    0,
    0,
    0,
    0,
    0,
    0,
    0,
    0,
    0,
    0,
    0,
    0,
    0,
    0,
    0,
    0,
    0
  ],
  "num_clients": [
    3,
    3,
    3,
    3,
    3,
    3,
    3,
    3,
    3,
    3,
    3,
    3,
    3,
    3,
    3,
    3,
    3,
    3,
    3,
    3,
    3
  ]
}