{
  "experiment_name": "adaptive_fedprox_mnist_alpha0.5_clients10",
  "rounds": [
    0,
    1,
    2,
    3,
    4,
    5,
    6,
    7,
    8,
    9,
    10,
    11,
    12,
    13,
    14,
    15,
    16,
    17,
    18,
    19,
    20
  ],
  "global_accuracy": [
    0.0816,
    0.8802,
    0.9439,
    0.9494,
    0.9619,
    0.962,
    0.9685,
    0.9691,
    0.9638,
    0.975,
    0.979,
    0.9813,
    0.9774,
    0.9851,
    0.986,
    0.9822,
    0.9842,
    0.9811,
    0.9849,
    0.9883,
    0.9834
  ],
  "global_loss": [
    2.297760998916626,
    0.5051422318458557,
    0.20225413783788682,
    0.16898538323640824,
    0.12013046359568834,
    0.11060736227147282,
    0.10178855556324125,
    0.08982749737128615,
    0.10311605979409069,
    0.07356669935779646,
    0.06295114249032922,
    0.05202781005997677,
    0.06599030508748256,
    0.044995257119461896,
    0.043311533788684756,
    0.05545429474727134,
    0.049008480119437446,
    0.05563118680825573,
    0.04173278470872319,
    0.03620246189618083,
    0.05287063047462143
  ],
  "comm_cost": [
    0,
    0,
    0,
    0,
    0,
    0,
    0,
    0,
    0,
    0,
    0,
    0,
    0,
    0,
    0,
    0,
    0,
    0,
    0,
    0,
    0
  ],
  "num_clients": [
    3,
    3,
    3,
    3,
    3,
    3,
    3,
    3,
    3,
    3,
    3,
    3,
    3,
    3,
    3,
    3,
    3,
    3,
    3,
    3,
    3
  ]
}