{
  "experiment_name": "fedavg_mnist_alpha1.0_clients10",
  "rounds": [
    0,
    1,
    2,
    3,
    4,
    5,
    6,
    7,
    8,
    9,
    10,
    11,
    12,
    13,
    14,
    15,
    16,
    17,
    18,
    19,
    20
  ],
  "global_accuracy": [
    0.1041,
    0.9609,
    0.9797,
    0.9813,
    0.9865,
    0.987,
    0.9872,
    0.9862,
    0.989,
    0.991,
    0.9892,
    0.9892,
    0.9922,
    0.9924,
    0.9914,
    0.9917,
    0.992,
    0.9919,
    0.9919,
    0.9919,
    0.9927
  ],
  "global_loss": [
    2.302081259918213,
    0.17306562380194665,
    0.06204992170953192,
    0.05129086064893054,
    0.04178083246597089,
    0.040709018543720596,
    0.03883889268511848,
    0.04164032337247336,
    0.03344237303876434,
    0.0293127997995427,
    0.0341620689389616,
    0.033731736355330215,
    0.024993044000020382,
    0.0242613101049541,
    0.027225450264998834,
    0.024946657593043348,
    0.023356528261984567,
    0.02689576189669119,
    0.024429715373487988,
    0.023172775854540896,
    0.023797158577867787
  ],
  "comm_cost": [
    0,
    0,
    0,
    0,
    0,
    0,
    0,
    0,
    0,
    0,
    0,
    0,
    0,
    0,
    0,
    0,
    0,
    0,
    0,
    0,
    0
  ],
  "num_clients": [
    3,
    3,
    3,
    3,
    3,
    3,
    3,
    3,
    3,
    3,
    3,
    3,
    3,
    3,
    3,
    3,
    3,
    3,
    3,
    3,
    3
  ]
}