{
  "experiment_name": "fedavg_mnist_alpha0.5_clients10",
  "rounds": [
    0,
    1,
    2,
    3,
    4,
    5,
    6,
    7,
    8,
    9,
    10,
    11,
    12,
    13,
    14,
    15,
    16,
    17,
    18,
    19,
    20
  ],
  "global_accuracy": [
    0.0451,
    0.8775,
    0.9166,
    0.9671,
    0.9654,
    0.9782,
    0.9825,
    0.9871,
    0.9876,
    0.9842,
    0.9821,
    0.9861,
    0.9897,
    0.9905,
    0.9907,
    0.9895,
    0.9902,
    0.9916,
    0.9895,
    0.9895,
    0.99
  ],
  "global_loss": [
    2.3012658012390137,
    0.42810881538391116,
    0.22641465793773533,
    0.10124588499348611,
    0.1051405215151608,
    0.06749439055982512,
    0.05212683957674308,
    0.041008271316105675,
    0.03882674021044659,
    0.04984482243342063,
    0.060085837039208854,
    0.04413631977773039,
    0.03572917917041705,
    0.030903397770871015,
    0.030101147231531105,
    0.03498958494737403,
    0.03326688305909267,
    0.0308825048575819,
    0.037137090948669356,
    0.033716798581930406,
    0.036813192965221425
  ],
  "comm_cost": [
    0,
    0,
    0,
    0,
    0,
    0,
    0,
    0,
    0,
    0,
    0,
    0,
    0,
    0,
    0,
    0,
    0,
    0,
    0,
    0,
    0
  ],
  "num_clients": [
    3,
    3,
    3,
    3,
    3,
    3,
    3,
    3,
    3,
    3,
    3,
    3,
    3,
    3,
    3,
    3,
    3,
    3,
    3,
    3,
    3
  ]
}