{
  "experiment_name": "fedavg_mnist_alpha10.0_clients10",
  "rounds": [
    0,
    1,
    2,
    3,
    4,
    5,
    6,
    7,
    8,
    9,
    10,
    11,
    12,
    13,
    14,
    15,
    16,
    17,
    18,
    19,
    20
  ],
  "global_accuracy": [
    0.1215,
    0.9624,
    0.9832,
    0.9866,
    0.9886,
    0.9898,
    0.991,
    0.9915,
    0.9918,
    0.9914,
    0.9917,
    0.9915,
    0.9916,
    0.9929,
    0.9928,
    0.9929,
    0.9926,
    0.992,
    0.993,
    0.9923,
    0.9932
  ],
  "global_loss": [
    2.302471170806885,
    0.14241838725656272,
    0.050764277586108075,
    0.040004627540733785,
    0.03661003159965912,
    0.033468989063195474,
    0.029553260118881007,
    0.029102702621225218,
    0.02631756450928224,
    0.02694372250386732,
    0.0283419017197627,
    0.025768584468688027,
    0.027575451309036,
    0.02509113008926797,
    0.025599654559705642,
    0.025347745469809616,
    0.024317763999132547,
    0.02516890141213591,
    0.023943276691493817,
    0.0238056688728033,
    0.022393308712584555
  ],
  "comm_cost": [
    0,
    0,
    0,
    0,
    0,
    0,
    0,
    0,
    0,
    0,
    0,
    0,
    0,
    0,
    0,
    0,
    0,
    0,
    0,
    0,
    0
  ],
  "num_clients": [
    3,
    3,
    3,
    3,
    3,
    3,
    3,
    3,
    3,
    3,
    3,
    3,
    3,
    3,
    3,
    3,
    3,
    3,
    3,
    3,
    3
  ]
}