{
  "experiment_name": "fedavg_mnist_alpha0.1_clients10",
  "rounds": [
    0,
    1,
    2,
    3,
    4,
    5,
    6,
    7,
    8,
    9,
    10,
    11,
    12,
    13,
    14,
    15,
    16,
    17,
    18,
    19,
    20
  ],
  "global_accuracy": [
    0.1215,
    0.5108,
    0.5361,
    0.7872,
    0.8399,
    0.7577,
    0.8593,
    0.8474,
    0.8687,
    0.8703,
    0.975,
    0.9096,
    0.8966,
    0.8956,
    0.9487,
    0.9417,
    0.9659,
    0.9615,
    0.9167,
    0.9621,
    0.973
  ],
  "global_loss": [
    2.302471170806885,
    1.544612533760071,
    1.8566365419387818,
    0.9829868049144744,
    1.029136702054739,
    1.3438320374965669,
    0.6848539644241333,
    0.4987100554466248,
    0.612659993994236,
    0.5376219543218612,
    0.08366897842921317,
    0.3382779731705785,
    0.39854116165041925,
    0.37337162652797995,
    0.1691847883352544,
    0.1796630512851756,
    0.11158260645996779,
    0.12491459681643173,
    0.30981620444357394,
    0.11968161885421723,
    0.08559564218495506
  ],
  "comm_cost": [
    0,
    0,
    0,
    0,
    0,
    0,
    0,
    0,
    0,
    0,
    0,
    0,
    0,
    0,
    0,
    0,
    0,
    0,
    0,
    0,
    0
  ],
  "num_clients": [
    3,
    3,
    3,
    3,
    3,
    3,
    3,
    3,
    3,
    3,
    3,
    3,
    3,
    3,
    3,
    3,
    3,
    3,
    3,
    3,
    3
  ]
}