{
  "experiment_name": "fedprox_mnist_alpha1.0_clients10",
  "rounds": [
    0,
    1,
    2,
    3,
    4,
    5,
    6,
    7,
    8,
    9,
    10,
    11,
    12,
    13,
    14,
    15,
    16,
    17,
    18,
    19,
    20
  ],
  "global_accuracy": [
    0.1145,
    0.9552,
    0.9767,
    0.9834,
    0.9851,
    0.9828,
    0.9888,
    0.9875,
    0.9875,
    0.9865,
    0.9893,
    0.9912,
    0.9909,
    0.99,
    0.9906,
    0.9906,
    0.9905,
    0.9912,
    0.9913,
    0.9925,
    0.991
  ],
  "global_loss": [
    2.3104069915771484,
    0.22086159772872924,
    0.07231719850171357,
    0.05133782594529912,
    0.045714994775358356,
    0.04966164832194336,
    0.03521555058863596,
    0.03762643114350358,
    0.036671641820603694,
    0.03962926110267581,
    0.03276680903704473,
    0.026908666743130017,
    0.02601837619518483,
    0.031955801352897106,
    0.03055740510222822,
    0.02969702919103911,
    0.030815302079962567,
    0.02929703794028137,
    0.029746475304813294,
    0.02746178251948498,
    0.028770618735932157
  ],
  "comm_cost": [
    0,
    0,
    0,
    0,
    0,
    0,
    0,
    0,
    0,
    0,
    0,
    0,
    0,
    0,
    0,
    0,
    0,
    0,
    0,
    0,
    0
  ],
  "num_clients": [
    3,
    3,
    3,
    3,
    3,
    3,
    3,
    3,
    3,
    3,
    3,
    3,
    3,
    3,
    3,
    3,
    3,
    3,
    3,
    3,
    3
  ]
}