{
  "experiment_name": "fedprox_mnist_alpha10.0_clients10",
  "rounds": [
    0,
    1,
    2,
    3,
    4,
    5,
    6,
    7,
    8,
    9,
    10,
    11,
    12,
    13,
    14,
    15,
    16,
    17,
    18,
    19,
    20
  ],
  "global_accuracy": [
    0.095,
    0.9669,
    0.9812,
    0.9849,
    0.9876,
    0.9885,
    0.9892,
    0.9886,
    0.9898,
    0.9906,
    0.9897,
    0.9912,
    0.9911,
    0.9916,
    0.9916,
    0.991,
    0.9911,
    0.992,
    0.9912,
    0.993,
    0.993
  ],
  "global_loss": [
    2.3119904006958008,
    0.15256496790647506,
    0.060313012359663846,
    0.044991315188538286,
    0.03884516955834115,
    0.03526202798925078,
    0.034544740935150184,
    0.033077312327084656,
    0.030423992004981845,
    0.027333822167492326,
    0.03038189176023043,
    0.027119050418671395,
    0.027077441698112853,
    0.026004384465612203,
    0.02642121905623144,
    0.028302006608571947,
    0.027103208844224617,
    0.02592600425316963,
    0.02748468248062313,
    0.023218238258471365,
    0.022884396887305
  ],
  "comm_cost": [
    0,
    0,
    0,
    0,
    0,
    0,
    0,
    0,
    0,
    0,
    0,
    0,
    0,
    0,
    0,
    0,
    0,
    0,
    0,
    0,
    0
  ],
  "num_clients": [
    3,
    3,
    3,
    3,
    3,
    3,
    3,
    3,
    3,
    3,
    3,
    3,
    3,
    3,
    3,
    3,
    3,
    3,
    3,
    3,
    3
  ]
}