{
  "experiment_name": "fedprox_mnist_alpha0.1_clients10",
  "rounds": [
    0,
    1,
    2,
    3,
    4,
    5,
    6,
    7,
    8,
    9,
    10,
    11,
    12,
    13,
    14,
    15,
    16,
    17,
    18,
    19,
    20
  ],
  "global_accuracy": [
    0.095,
    0.5927,
    0.6496,
    0.7876,
    0.8784,
    0.9328,
    0.8461,
    0.9496,
    0.8989,
    0.9728,
    0.9719,
    0.8923,
    0.8818,
    0.9428,
    0.9396,
    0.9583,
    0.9784,
    0.9572,
    0.9682,
    0.9631,
    0.9689
  ],
  "global_loss": [
    2.3119904006958008,
    1.415997800064087,
    0.8869380886077881,
    0.5789235270261764,
    0.35657656636834145,
    0.218388040971756,
    0.5865012472063303,
    0.14505916533917187,
    0.2550638073205948,
    0.08414962796065957,
    0.09327997282836586,
    0.3508770033478737,
    0.3471252835571766,
    0.1615808323778212,
    0.17620910722129046,
    0.11612947161574848,
    0.0657134521140717,
    0.12041220685141162,
    0.0964963199291844,
    0.10935282015493139,
    0.09301246156031266
  ],
  "comm_cost": [
    0,
    0,
    0,
    0,
    0,
    0,
    0,
    0,
    0,
    0,
    0,
    0,
    0,
    0,
    0,
    0,
    0,
    0,
    0,
    0,
    0
  ],
  "num_clients": [
    3,
    3,
    3,
    3,
    3,
    3,
    3,
    3,
    3,
    3,
    3,
    3,
    3,
    3,
    3,
    3,
    3,
    3,
    3,
    3,
    3
  ]
}