{
  "experiment_name": "fedprox_mnist_alpha0.5_clients10",
  "rounds": [
    0,
    1,
    2,
    3,
    4,
    5,
    6,
    7,
    8,
    9,
    10,
    11,
    12,
    13,
    14,
    15,
    16,
    17,
    18,
    19,
    20
  ],
  "global_accuracy": [
    0.1471,
    0.9244,
    0.9145,
    0.9706,
    0.962,
    0.9821,
    0.9841,
    0.986,
    0.9854,
    0.99,
    0.9877,
    0.9866,
    0.9877,
    0.9886,
    0.9889,
    0.9884,
    0.9864,
    0.9891,
    0.99,
    0.9896,
    0.9901
  ],
  "global_loss": [
    2.30094807434082,
    0.30185410902500154,
    0.22869292498864233,
    0.08769278026223183,
    0.11233007163414732,
    0.05760138387132319,
    0.04856379131466383,
    0.04140695365473512,
    0.04629245436236379,
    0.03273835917771648,
    0.03880169893605489,
    0.04518582463379316,
    0.03958109648826612,
    0.03490617408001635,
    0.03368203696504124,
    0.03864231271413901,
    0.04224723676453941,
    0.03611667314859851,
    0.033801850476096205,
    0.03776125954611498,
    0.03539969798010316
  ],
  "comm_cost": [
    0,
    0,
    0,
    0,
    0,
    0,
    0,
    0,
    0,
    0,
    0,
    0,
    0,
    0,
    0,
    0,
    0,
    0,
    0,
    0,
    0
  ],
  "num_clients": [
    3,
    3,
    3,
    3,
    3,
    3,
    3,
    3,
    3,
    3,
    3,
    3,
    3,
    3,
    3,
    3,
    3,
    3,
    3,
    3,
    3
  ]
}